Mode,AUUC,Profit,Δ AUUC (%),Δ Profit ($)
full,6432616.646911268,68933.96928124267,0.0,0.0
no-temporal,6028283.558806875,75439.51606009477,-6.285670517899444,6505.5467788521055
no-ziln,1657812.0658845631,121730.24471842972,-74.22802948034234,52796.275437187054
no-dr,5241159.742194457,64638.66340279262,-18.52211891546358,-4295.305878450046
long-run,2800041.4560328554,57868.24373620721,-56.471190345575096,-11065.725545035457
