Model,ATE Error,Predictive RMSE,Tau Spearman
BG/NBD + GG,425.8584486495432,3544.169309240147,0.08020351692858049
XGBoost,794.173480309169,1407.179137637151,-0.15294865370440014
Naive Uplift,809.8468111758043,4184.208290219777,
