Model,ATE Error,RMSE (Y_obs),Tau Spearman,AUUC
BG/NBD + GG,412.3042245252954,3537.325008942375,0.129526063445551,522.0263217791512
XGBoost,754.2384875347051,972.2835076039429,-0.09684199524598466,846.6204527589982
Naive Uplift,757.6571862233011,4051.927499539645,,450.9981313758076
LSTM (MSE),10.780132584753908,4119.296279764728,-0.024223914855156486,758.9057787064299
TCN (MSE),948.2341540386113,3859.7901517525,-0.05082144375405809,798.9392875426463
S-Learner,11.90450333574217,4128.843699715897,0.15163987024357037,198.21515265645797
T-Learner,187.07111127750582,1853.0970905769718,0.12157416093875992,673.2390904939989
X-Learner,2.096108820400076,4121.132555996247,0.19362160895608496,504.9878122324689
