Model,PEHE (Lower is Better),AUUC (Higher is Better),Profit (Top 20%)
CDTT (Champion),3550.9915402871475,6133046.037810751,80781.00377347745
X-Learner,364.6385540033867,6291622.55687561,111328.23658968628
XGBoost (Predictor),3814.7586396706756,6353745.131068519,47460.904990122945
Random,70.3398242148367,4977868.077950623,108370.93793767646
