{
    "CDTT-Structural": {
        "pehe": {
            "mean": 1394.4710383163008,
            "std": 213.7355350452897,
            "ci_low": 968.7611237097855,
            "ci_high": 1765.6173647372993
        },
        "auuc": {
            "mean": 882.7270957400086,
            "std": 194.64755916416703,
            "ci_low": 522.4481773460329,
            "ci_high": 1304.1930031272477
        },
        "profit_10pct": {
            "mean": 601.0793305665811,
            "std": 46.144499227749534,
            "ci_low": 518.6576199802116,
            "ci_high": 694.6811685376136
        },
        "profit_20pct": {
            "mean": 630.7334476475763,
            "std": 43.35050965451171,
            "ci_low": 546.1871632890836,
            "ci_high": 713.4779868565952
        },
        "profit_50pct": {
            "mean": 710.1344634037923,
            "std": 47.49099721978167,
            "ci_low": 621.633729189521,
            "ci_high": 815.6969624084331
        }
    },
    "CDTT-DR": {
        "pehe": {
            "mean": 535.0729329665495,
            "std": 15.85432880372992,
            "ci_low": 502.2963088664647,
            "ci_high": 570.1284389567552
        },
        "auuc": {
            "mean": 56.49399462715699,
            "std": 32.243532628939796,
            "ci_low": -3.676238419093301,
            "ci_high": 119.39522184654572
        },
        "profit_10pct": {
            "mean": 403.0770917310316,
            "std": 37.81241265298189,
            "ci_low": 341.40194277699715,
            "ci_high": 492.1029635704076
        },
        "profit_20pct": {
            "mean": 408.893873020251,
            "std": 38.844504039140425,
            "ci_low": 357.1149339774621,
            "ci_high": 496.73774670476945
        },
        "profit_50pct": {
            "mean": 420.05440752623343,
            "std": 42.17171152558792,
            "ci_low": 359.26479357443054,
            "ci_high": 513.4979874237263
        }
    },
    "T-Learner": {
        "pehe": {
            "mean": 4677.444535545455,
            "std": 1299.524751234169,
            "ci_low": 1635.3458743770118,
            "ci_high": 6964.568324055802
        },
        "auuc": {
            "mean": 327.0146109650776,
            "std": 95.25332521464793,
            "ci_low": 182.3629923174363,
            "ci_high": 510.8281316153909
        },
        "profit_10pct": {
            "mean": 458.4551530138678,
            "std": 44.177726499335456,
            "ci_low": 380.93531783307486,
            "ci_high": 547.7854715382142
        },
        "profit_20pct": {
            "mean": 463.22895589371416,
            "std": 39.85367385220734,
            "ci_low": 401.5349565600375,
            "ci_high": 557.9020722359717
        },
        "profit_50pct": {
            "mean": 577.6433395738006,
            "std": 50.24239108277087,
            "ci_low": 500.37032241575736,
            "ci_high": 696.0379835952649
        }
    },
    "X-Learner": {
        "pehe": {
            "mean": 655.4243539446669,
            "std": 65.03725883814124,
            "ci_low": 520.6270492041729,
            "ci_high": 762.0235627513557
        },
        "auuc": {
            "mean": 298.78429255198057,
            "std": 87.74255640396466,
            "ci_low": 145.54398283653225,
            "ci_high": 454.25069793890884
        },
        "profit_10pct": {
            "mean": 426.914406514071,
            "std": 41.23691450149074,
            "ci_low": 362.91293592657456,
            "ci_high": 513.7490938026907
        },
        "profit_20pct": {
            "mean": 452.86918360682785,
            "std": 38.926101737596206,
            "ci_low": 390.046405671357,
            "ci_high": 539.75692251185
        },
        "profit_50pct": {
            "mean": 576.018499605969,
            "std": 40.31029598261335,
            "ci_low": 499.7240583734232,
            "ci_high": 663.1090996204706
        }
    }
}